_bin,n,mean_len,f1
"(65.999, 387.8]",492.0,243.52439024390245,0.8994708994708994
"(387.8, 643.8]",491.0,515.9287169042769,0.8962962962962963
"(643.8, 994.4]",492.0,801.3516260162602,0.9069767441860465
"(994.4, 1640.2]",491.0,1276.1588594704685,0.8846153846153846
"(1640.2, 15670.0]",492.0,2800.8943089430895,0.8513513513513513
