{
  "accuracy": 0.95240032546786,
  "precision": 0.8868274582560297,
  "recall": 0.8951310861423221,
  "f1": 0.8909599254426841,
  "brier": 0.042416756862715864,
  "support_pos": 534,
  "support_neg": 1924,
  "auroc": 0.9845505617977528,
  "auprc": 0.9574534790283227,
  "threshold": 0.7243636846542358,
  "ece": 0.0315767130515166,
  "f1_ci_lo": 0.8689950448857512,
  "f1_ci_hi": 0.9092624943703204,
  "auroc_ci_lo": 0.9796680343464617,
  "auroc_ci_hi": 0.9885879179888146,
  "auprc_ci_lo": 0.9450763424345295,
  "auprc_ci_hi": 0.9677167270776317
}