subreddit,n,n_pos,precision,recall,f1
Anxiety,327,280,0.9702602230483272,0.9321428571428572,0.9508196721311475
AnxietyDepression,196,105,0.9484536082474226,0.8761904761904762,0.9108910891089109
socialanxiety,200,123,0.9090909090909091,0.8943089430894309,0.9016393442622951
depression_help,221,4,0.4444444444444444,1.0,0.6153846153846154
COVID19positive,245,7,0.45454545454545453,0.7142857142857143,0.5555555555555556
COVID19_support,208,11,0.5,0.36363636363636365,0.42105263157894735
LivingAlone,141,1,0.25,1.0,0.4
SuicideWatch,333,2,0.14285714285714285,0.5,0.2222222222222222
depression,331,1,0.0,0.0,0.0
relationship_advice,256,0,0.0,0.0,0.0
