subreddit,n,n_pos,precision,recall,f1
LivingAlone,136,1,1.0,1.0,1.0
Anxiety,315,268,0.979757085020243,0.9029850746268657,0.9398058252427185
AnxietyDepression,198,104,0.9222222222222223,0.7980769230769231,0.8556701030927835
socialanxiety,205,132,0.9196428571428571,0.7803030303030303,0.8442622950819673
COVID19_support,153,9,0.6363636363636364,0.7777777777777778,0.7
relationship_advice,286,1,0.5,1.0,0.6666666666666666
SuicideWatch,318,0,0.0,0.0,0.0
depression,136,0,0.0,0.0,0.0
depression_help,224,0,0.0,0.0,0.0
