_bin,n,mean_len,f1
"(52.999, 394.0]",396.0,254.25757575757575,0.8947368421052632
"(394.0, 658.0]",394.0,521.4137055837564,0.900398406374502
"(658.0, 1044.0]",393.0,844.9720101781171,0.8878923766816144
"(1044.0, 1704.0]",394.0,1331.8832487309644,0.8105263157894737
"(1704.0, 16970.0]",394.0,2978.3883248730963,0.8761904761904762
