{
  "accuracy": 0.9375951293759512,
  "precision": 0.9066390041493776,
  "recall": 0.8485436893203884,
  "f1": 0.876629889669007,
  "brier": 0.09659920232536871,
  "support_pos": 515,
  "support_neg": 1456,
  "auroc": 0.972952896617945,
  "auprc": 0.9432937892675913,
  "threshold": 0.5597300950966302,
  "ece": 0.20005813104594342,
  "f1_ci_lo": 0.857288317256163,
  "f1_ci_hi": 0.8978038502059189,
  "auroc_ci_lo": 0.9656432245019099,
  "auroc_ci_hi": 0.9801024240635835,
  "auprc_ci_lo": 0.9293809683806082,
  "auprc_ci_hi": 0.9569893639736815
}