{
  "accuracy": 0.9951179820992677,
  "precision": 0.7857142857142857,
  "recall": 0.55,
  "f1": 0.6470588235294118,
  "brier": 0.004850523127124065,
  "support_pos": 20,
  "support_neg": 2438,
  "auroc": 0.9950574241181297,
  "auprc": 0.694056456568829,
  "threshold": 0.6982511878013611,
  "ece": 0.0037014201178832665,
  "f1_ci_lo": 0.42857142857142855,
  "f1_ci_hi": 0.8165824915824915,
  "auroc_ci_lo": 0.9913803528363362,
  "auroc_ci_hi": 0.9981777235400702,
  "auprc_ci_lo": 0.5030003825465665,
  "auprc_ci_hi": 0.8585307299052929
}