subreddit,n,n_pos,precision,recall,f1
depression,331,119,0.897196261682243,0.8067226890756303,0.8495575221238938
depression_help,221,56,0.7272727272727273,0.8571428571428571,0.7868852459016393
SuicideWatch,333,21,0.40425531914893614,0.9047619047619048,0.5588235294117647
AnxietyDepression,196,20,0.4,0.7,0.509090909090909
Anxiety,327,0,0.0,0.0,0.0
COVID19_support,208,0,0.0,0.0,0.0
LivingAlone,141,0,0.0,0.0,0.0
COVID19positive,245,0,0.0,0.0,0.0
relationship_advice,256,0,0.0,0.0,0.0
socialanxiety,200,0,0.0,0.0,0.0
