_bin,n,mean_len,f1
"(65.999, 387.8]",492.0,243.52439024390245,0.8080808080808081
"(387.8, 643.8]",491.0,515.9287169042769,0.7611940298507462
"(643.8, 994.4]",492.0,801.3516260162602,0.7068965517241379
"(994.4, 1640.2]",491.0,1276.1588594704685,0.6956521739130435
"(1640.2, 15670.0]",492.0,2800.8943089430895,0.5098039215686274
