{
  "accuracy": 0.9438567941415785,
  "precision": 0.6413043478260869,
  "recall": 0.8194444444444444,
  "f1": 0.7195121951219512,
  "brier": 0.04229906716042175,
  "support_pos": 216,
  "support_neg": 2242,
  "auroc": 0.9727756302243367,
  "auprc": 0.8003659961808719,
  "threshold": 0.2997097373008728,
  "ece": 0.03274816780599657,
  "f1_ci_lo": 0.6752953498114789,
  "f1_ci_hi": 0.7593360995850622,
  "auroc_ci_lo": 0.9654549544729248,
  "auroc_ci_hi": 0.9792323136952086,
  "auprc_ci_lo": 0.7454049056124508,
  "auprc_ci_hi": 0.8423049369256241
}