{
  "accuracy": 0.9536208299430431,
  "precision": 0.8888888888888888,
  "recall": 0.898876404494382,
  "f1": 0.8938547486033519,
  "brier": 0.04453837011831914,
  "support_pos": 534,
  "support_neg": 1924,
  "auroc": 0.9871220615602637,
  "auprc": 0.9638942172588741,
  "threshold": 0.8921530246734619,
  "ece": 0.038717290826264586,
  "f1_ci_lo": 0.8747542134831461,
  "f1_ci_hi": 0.9121886452711896,
  "auroc_ci_lo": 0.982305137968995,
  "auroc_ci_hi": 0.9912092891791887,
  "auprc_ci_lo": 0.954427726085258,
  "auprc_ci_hi": 0.9729271811990993
}