_bin,n,mean_len,f1
"(65.999, 387.8]",492.0,243.52439024390245,0.9021739130434783
"(387.8, 643.8]",491.0,515.9287169042769,0.9064748201438849
"(643.8, 994.4]",492.0,801.3516260162602,0.9090909090909091
"(994.4, 1640.2]",491.0,1276.1588594704685,0.8584905660377359
"(1640.2, 15670.0]",492.0,2800.8943089430895,0.8843537414965986
