subreddit,n,n_pos,precision,recall,f1
Anxiety,327,280,0.9700374531835206,0.925,0.946983546617916
AnxietyDepression,196,105,0.9587628865979382,0.8857142857142857,0.9207920792079208
socialanxiety,200,123,0.9159663865546218,0.8861788617886179,0.9008264462809917
COVID19positive,245,7,0.75,0.8571428571428571,0.8
COVID19_support,208,11,0.5454545454545454,0.5454545454545454,0.5454545454545454
LivingAlone,141,1,0.3333333333333333,1.0,0.5
depression_help,221,4,0.3333333333333333,1.0,0.5
SuicideWatch,333,2,0.1111111111111111,0.5,0.18181818181818182
depression,331,1,0.08333333333333333,1.0,0.15384615384615385
relationship_advice,256,0,0.0,0.0,0.0
