{
  "accuracy": 0.9983726606997559,
  "precision": 0.3333333333333333,
  "recall": 0.3333333333333333,
  "f1": 0.3333333333333333,
  "brier": 0.001377403894593339,
  "support_pos": 3,
  "support_neg": 2455,
  "auroc": 0.9940257976917855,
  "auprc": 0.18141414141414142,
  "threshold": 0.6266344785690308,
  "ece": 0.0010058658885310327,
  "f1_ci_lo": 0.0,
  "f1_ci_hi": 0.8174999999999992,
  "auroc_ci_lo": 0.9887631429976707,
  "auroc_ci_hi": 0.9995929995929995,
  "auprc_ci_lo": 0.037037037037037035,
  "auprc_ci_hi": 0.7333333333333331
}