accuracy,precision,recall,f1,brier,support_pos,support_neg,auroc,auprc,threshold,ece,target,model
0.9714268430391999,0.8275152595843907,0.8742211273728445,0.8502272487052108,0.027760016717933086,69010,674869,0.9921179584889144,0.9207453381524364,0.751555452789588,0.04981743126332925,anxiety,TF-IDF + LogReg
0.9585954723880196,0.7217901091246808,0.9009563831328793,0.8014824363519175,0.040735395419468634,69010,674869,0.9885695128171512,0.8922676514797108,0.8559336066246033,0.04238797750272896,anxiety,XGBoost (linguistic)
0.9962493950637199,0.4596375617792422,0.5481335952848723,0.5,0.00660072711043454,2544,741335,0.9935121955091292,0.4658403211074659,0.901876207550459,0.017560157530887764,health_anxiety,TF-IDF + LogReg
0.994569016508039,0.3450777202072539,0.6542239685658153,0.451831750339213,0.008959832890141746,2544,741335,0.9916603287625468,0.41836230913919364,0.9476696848869324,0.013133091794537307,health_anxiety,XGBoost (linguistic)
0.9879617680271011,0.5653507090839403,0.6918386491557224,0.622231596709555,0.016323157031092664,10659,733220,0.992067424917912,0.633710045048129,0.8681043045110827,0.03332872960461333,depression,TF-IDF + LogReg
0.9851185675108889,0.4846671652954376,0.6078799249530957,0.5393258426966292,0.026009443251627757,10659,733220,0.9900327098777794,0.5719273906000997,0.9554161429405212,0.030142942026391464,depression,XGBoost (linguistic)
0.9988573425821369,0.29896907216494845,0.6304347826086957,0.40559440559440557,0.001911740325688589,458,743421,0.9988057909216278,0.3186634915140587,0.8421738320582515,0.0047375940656095095,suicidality,TF-IDF + LogReg
0.999099317094155,0.40454545454545454,0.967391304347826,0.5705128205128205,0.0007276264981191911,458,743421,0.9995056264642961,0.4030947093823788,0.049963582307100296,0.0006836324263496188,suicidality,XGBoost (linguistic)
