accuracy,precision,recall,f1,brier,support_pos,support_neg,auroc,auprc,threshold,ece,target,model
0.9444232965359726,0.9055472263868066,0.8791848617176128,0.8921713441654358,0.06735205465929871,3433,9700,0.9801992827023215,0.9547443399841363,0.5436913940039196,0.13885883524058326,anxiety,TF-IDF + LogReg
0.9379520365435858,0.818734793187348,0.9796215429403202,0.8919814446653412,0.04396767541766167,3433,9700,0.9863735950419426,0.9591153527867675,0.23778961598873138,0.028738397901943706,anxiety,XGBoost (linguistic)
0.9977160258850399,0.16666666666666666,0.5,0.25,0.000875855512358499,9,13124,0.9693333333333333,0.08966244725738397,0.036116834791368936,0.010776055039302077,health_anxiety,TF-IDF + LogReg
0.9996193376475067,0.6666666666666666,1.0,0.8,0.0004058541380800307,9,13124,0.9998095238095238,0.8333333333333333,0.10659901052713394,0.0006362347658702321,health_anxiety,XGBoost (linguistic)
0.9448039588884659,0.6064981949458483,0.8235294117647058,0.6985446985446986,0.06227981467756542,1022,12111,0.9614357505280281,0.7176392318767789,0.45543781005186973,0.1433538993529691,depression,TF-IDF + LogReg
0.9459459459459459,0.6026490066225165,0.8921568627450981,0.7193675889328063,0.03798145055770874,1022,12111,0.9782476754630867,0.701316853364448,0.3494003415107727,0.030218034888024582,depression,XGBoost (linguistic)
0.9920060905976399,0.5681818181818182,0.9259259259259259,0.704225352112676,0.010380191643530648,133,13000,0.9959116809116809,0.6166491103926195,0.44586334077908796,0.05768310499172851,suicidality,TF-IDF + LogReg
0.9980966882375333,0.8666666666666667,0.9629629629629629,0.9122807017543859,0.00195805705152452,133,13000,0.9990740740740741,0.8535989838975873,0.7170655131340027,0.0024402242856584834,suicidality,XGBoost (linguistic)
