target,split,precision,recall,f1,auroc
anxiety,in-distribution,0.9239482200647249,0.856071964017991,0.888715953307393,0.9294342727626086
anxiety,cross-subreddit,0.20168067226890757,0.9302325581395349,0.3314917127071823,0.9666001671986623
