target,split,precision,recall,f1,auroc
anxiety,in-distribution,0.9967793880837359,0.9435975609756098,0.9694596711041503,0.9964652561794074
anxiety,cross-subreddit,0.2128205128205128,0.8924731182795699,0.34368530020703936,0.9664422229092949
