target,split,precision,recall,f1,auroc
anxiety,in-distribution,0.9534614494095855,0.9157215921725594,0.9342105263157895,0.9906511268950543
anxiety,cross-subreddit,0.18286085262930102,0.9723820483314154,0.30783242258652094,0.9932648542458764
