subreddit,mean,median,std,count
COVID19_support,0.23853194594496402,0.225,0.04581570147977234,1413
COVID19positive,0.23199205607944312,0.2,0.07668999180757181,1615
Anxiety,0.1223767094366398,0.1,0.06764940281661297,2078
AnxietyDepression,0.082715563784458,0.075,0.0384999522332814,1356
depression,0.02901294884746741,0.025,0.024872517896887585,2218
SuicideWatch,0.028595771898746503,0.025,0.023692601283013443,2073
depression_help,0.02815801698793547,0.025,0.019310859352412887,1451
socialanxiety,0.02808425395429166,0.025,0.020319706998132916,1382
LivingAlone,0.028029558488237592,0.025,0.0186461307681477,905
relationship_advice,0.01758969194045537,0.015,0.017370983652706964,1891
