subreddit,mean,median,std,count
HealthAnxiety,0.4877480940127128,0.46,0.08305503352348964,19098
COVID19_support,0.23058350984820883,0.225,0.033183756452956716,21121
covidlonghaulers,0.2236723201955088,0.2,0.06582993917433429,1300
ChronicIllness,0.21091150287931135,0.2,0.0485796512129568,21051
CovidLongHaulers,0.20862546650534947,0.2,0.04445924120053123,23866
AskDocs,0.16743379461296584,0.15,0.06328164338882938,22106
emetophobia,0.16238487556876816,0.15,0.04766185939722277,1510
Emetophobia,0.1535682687632187,0.15,0.027050826227829273,11089
Anxiety,0.10790541009838994,0.1,0.04211274072144814,30862
ibs,0.10369345327850132,0.1,0.02632468873022083,19591
OCD,0.10306045366473875,0.1,0.025418175987842177,18881
Anxietyhelp,0.08307471197735114,0.075,0.0439111768039523,8043
Gad,0.08074712643678161,0.075,0.030949223029508637,29
dpdr,0.08029825682417141,0.075,0.03315154237016643,7353
AnxietyDepression,0.07789844749083182,0.075,0.023543477316979745,7626
GAD,0.07746461071789686,0.075,0.019150902566042308,172
PanicAttack,0.06355789676661305,0.05,0.053513257231009914,15999
panicdisorder,0.05994862251544175,0.05,0.044246477829493626,11406
Agoraphobia,0.05830599922399662,0.05,0.041772576338269606,1505
agoraphobia,0.053103081771729656,0.05,0.02472849977732568,12730
COVID19positive,0.03199205607944311,0.0,0.07668999180757181,1615
ptsd,0.029453975700328292,0.025,0.025247944528497993,1793
BipolarReddit,0.027145777670953403,0.025,0.019774108897547674,30519
depression,0.026958224413241985,0.025,0.01924233909457718,31729
PTSD,0.02682693987856231,0.025,0.018544244352049002,23247
mentalhealth,0.026708127487239882,0.025,0.016988654328639847,27974
SuicideWatch,0.026605074357157914,0.025,0.016887732932943014,23629
depression_help,0.026527119708952142,0.025,0.01470479850918356,8283
CPTSD,0.026328461900880663,0.025,0.01547716479769064,40486
socialanxiety,0.026088932332004256,0.025,0.013086750250392125,15872
BPD,0.026038958495410762,0.025,0.013449163450555645,32689
LivingAlone,0.025921150378451954,0.025,0.012192394959738987,21324
relationship_advice,0.01641258156622981,0.015,0.016336408722597708,54477
personalfinance,0.01187032050343835,0.01,0.019171312410014227,51369
CasualConversation,0.011191692321566648,0.01,0.014828952604211017,47380
explainlikeimfive,0.007695737594555308,0.005,0.025893739698785743,28812
Cooking,0.006632398977413313,0.005,0.015571682322578485,2012
cooking,0.005568578986868544,0.005,0.010636800267899805,45331
