subreddit,mean,median,std,count
COVID19_support,0.23836275093003553,0.225,0.045725493878763165,1054
Anxiety,0.11949483390929254,0.1,0.06133530359450701,2040
AnxietyDepression,0.08217155821713203,0.075,0.03812592237611633,1348
depression,0.029055307796404677,0.025,0.02384593295151012,924
SuicideWatch,0.028342115963074472,0.025,0.023237739627067912,2129
depression_help,0.02822006318835008,0.025,0.01931253775235563,1461
socialanxiety,0.028161557656568338,0.025,0.020644996051994446,1382
LivingAlone,0.027722777153618983,0.025,0.017858119297069788,906
relationship_advice,0.0175674954318483,0.015,0.016532808035884267,1889
