{
  "baseline_low2020_f1": 0.851,
  "corpus": {
    "n_posts": 45857,
    "n_dropped_no_author": 4103,
    "n_health_anxiety": 17312,
    "n_anxiety": 28545,
    "n_authors": 23128,
    "pct_comments": 92.8
  },
  "n_train": 36609,
  "n_test": 9248,
  "tfidf_logreg": {
    "accuracy": 0.7679498269896193,
    "precision": 0.6677371541501976,
    "recall": 0.771404109589041,
    "f1": 0.7158368644067796,
    "brier": 0.15962892113893495,
    "support_pos": 3504,
    "support_neg": 5744,
    "auroc": 0.8435418962093462,
    "auprc": 0.7830052245937738,
    "threshold": 0.44231231620700123,
    "ece": 0.07659548809395678,
    "f1_ci_lo": 0.7044182581561675,
    "f1_ci_hi": 0.7272958343233837,
    "auroc_ci_lo": 0.8347372794160298,
    "auroc_ci_hi": 0.8511240170370215,
    "auprc_ci_lo": 0.7681201877132656,
    "auprc_ci_hi": 0.7962078022847485,
    "f1_weighted": 0.7705402374104037
  },
  "markers": {
    "health_anxiety": [
      "ha",
      "health",
      "health anxiety",
      "google",
      "symptoms",
      "disease",
      "illness",
      "cancer",
      "googling",
      "symptom",
      "ocd",
      "my ha",
      "reassurance",
      "results",
      "my health",
      "healthy",
      "doctor",
      "checking",
      "convinced",
      "spiral"
    ],
    "anxiety": [
      "anxiety",
      "job",
      "benzos",
      "depression",
      "people",
      "anxious",
      "mental health",
      "mental",
      "person",
      "work",
      "nausea",
      "with anxiety",
      "psychiatrist",
      "propranolol",
      "xanax",
      "panic",
      "my anxiety",
      "tried",
      "meds",
      "social"
    ]
  },
  "mentalroberta": {
    "accuracy": 0.8025519031141869,
    "precision": 0.7324099722991689,
    "recall": 0.7545662100456622,
    "f1": 0.7433230250210852,
    "brier": 0.15052773577134537,
    "support_pos": 3504,
    "support_neg": 5744,
    "auroc": 0.8737732633059234,
    "auprc": 0.8273565573625549,
    "threshold": 0.33771300315856934,
    "ece": 0.10526486388391534,
    "f1_ci_lo": 0.7320326555736211,
    "f1_ci_hi": 0.7538093637768103,
    "auroc_ci_lo": 0.8662598610196355,
    "auroc_ci_hi": 0.8808820120294284,
    "auprc_ci_lo": 0.8146640294470773,
    "auprc_ci_hi": 0.8376651930078609,
    "f1_weighted": 0.8031034987105555
  }
}