{
  "baseline_low2020_f1": 0.851,
  "corpus": {
    "n_posts": 3308,
    "n_dropped_no_author": 0,
    "n_health_anxiety": 1299,
    "n_anxiety": 2009,
    "n_authors": 2598,
    "pct_comments": 0.0
  },
  "n_train": 2672,
  "n_test": 636,
  "tfidf_logreg": {
    "accuracy": 0.8852201257861635,
    "precision": 0.844106463878327,
    "recall": 0.8740157480314961,
    "f1": 0.8588007736943907,
    "brier": 0.12832852528413258,
    "support_pos": 254,
    "support_neg": 382,
    "auroc": 0.9444181061136993,
    "auprc": 0.902191822972974,
    "threshold": 0.4954588367293142,
    "ece": 0.18802075200359405,
    "f1_ci_lo": 0.8253721129170231,
    "f1_ci_hi": 0.8893178104575162,
    "auroc_ci_lo": 0.9267061712953015,
    "auroc_ci_hi": 0.9605254987167432,
    "auprc_ci_lo": 0.8614579160584797,
    "auprc_ci_hi": 0.9390918964381084,
    "f1_weighted": 0.8855350584601052
  },
  "markers": {
    "health_anxiety": [
      "health anxiety",
      "health",
      "ha",
      "google",
      "symptoms",
      "my health",
      "results",
      "symptom",
      "you",
      "disease",
      "with health",
      "illness",
      "spiral",
      "googling",
      "my ha",
      "doctors",
      "doctor",
      "the doctor",
      "how do",
      "to the"
    ],
    "anxiety": [
      "anyone",
      "anyone else",
      "scared",
      "anxiety",
      "work",
      "my anxiety",
      "medication",
      "like",
      "else",
      "anxious",
      "take",
      "has anyone",
      "job",
      "sleep",
      "with anxiety",
      "tried",
      "edit",
      "felt",
      "feels",
      "depression"
    ]
  },
  "mentalroberta": {
    "accuracy": 0.9072327044025157,
    "precision": 0.9411764705882353,
    "recall": 0.8188976377952756,
    "f1": 0.8757894736842106,
    "brier": 0.0904242439667908,
    "support_pos": 254,
    "support_neg": 382,
    "auroc": 0.9547656346621595,
    "auprc": 0.9257420147585085,
    "threshold": 0.9289225339889526,
    "ece": 0.08510929749364841,
    "f1_ci_lo": 0.8457139265962795,
    "f1_ci_hi": 0.9060397430750702,
    "auroc_ci_lo": 0.9384187135769982,
    "auroc_ci_hi": 0.9705589469943076,
    "auprc_ci_lo": 0.8890951101134389,
    "auprc_ci_hi": 0.9586490042033813,
    "f1_weighted": 0.9059307889524479
  }
}